weekday;hour;average_delay_sec;average_delay_min;datas_index;gamma_expect;gamma_a;gamma_scale
Mo;0.0;15.950191570881225;0.2658365261813537;"Int64Index([ 3928169,  3928181,  3928194,  3929148,  3929166,  3929168,
             3931406,  3931421,  3931437,  3931650,
            ...
            17217755, 17218696, 17218698, 17221073, 17221199, 17221283,
            17221547, 17221717, 17221852, 17221942],
           dtype='int64', length=2687)";-0.2658365261813537;1.2;-0.22153043848446144
Mo;1.0;-26.50937950937951;-0.44182299182299184;"Int64Index([ 3928205,  3928218,  3928229,  3928242,  3931042,  3931075,
             3931109,  3931451,  3931467,  3931481,
            ...
            17205297, 17221109, 17221373, 17221457, 17221628, 17221715,
            17221751, 17221940, 17221954, 17222042],
           dtype='int64', length=914)";0.44182299182299184;1.2;0.3681858265191599
Mo;2.0;-15.031007751937985;-0.2505167958656331;"Int64Index([ 3928253,  3928266,  3928277,  3928290,  3931142,  3931511,
             3931527,  3931541,  3931557,  3931738,
            ...
            17096230, 17141896, 17141899, 17192429, 17205320, 17205342,
            17221197, 17221369, 17221624, 17221838],
           dtype='int64', length=843)";0.2505167958656331;1.2;0.20876399655469424
Mo;3.0;-8.696929238985314;-0.14494882064975523;"Int64Index([ 3926681,  3926691,  3926702,  3926712,  3926776,  3926812,
             3926836,  3926848,  3928301,  3928314,
            ...
            17188977, 17188993, 17189794, 17189838, 17192431, 17205516,
            17205538, 17221030, 17221032, 17221069],
           dtype='int64', length=994)";0.14494882064975523;1.2;0.12079068387479602
Mo;4.0;4.92381332269645;0.08206355537827417;"Int64Index([ 3926723,  3926733,  3926735,  3926778,  3926814,  3926870,
             3926872,  3926874,  3928349,  3928362,
            ...
            17217756, 17217771, 17219408, 17219411, 17219416, 17219979,
            17219982, 17221071, 17221371, 17221626],
           dtype='int64', length=3459)";-0.08206355537827417;1.2;-0.06838629614856181
Mo;5.0;-20.064848484848486;-0.33441414141414144;"Int64Index([ 3926895,  3926916,  3927522,  3927543,  3927564,  3929482,
             3929492,  3929503,  3929513,  3932023,
            ...
            17217801, 17217816, 17219420, 17219425, 17219429, 17219680,
            17219987, 17219991, 17219996, 17220000],
           dtype='int64', length=4234)";0.33441414141414144;1.2;0.2786784511784512
Mo;6.0;-39.98483158599152;-0.6664138597665253;"Int64Index([ 3926938,  3926959,  3927586,  3927607,  3928366,  3928392,
             3929524,  3929534,  3929545,  3929555,
            ...
            17219688, 17219692, 17219697, 17220005, 17220009, 17220014,
            17220018, 17220304, 17220341, 17220354],
           dtype='int64', length=5640)";0.6664138597665253;1.2;0.5553448831387712
Mo;7.0;-213.92329487957903;-3.565388247992984;"Int64Index([ 3926981,  3927002,  3927629,  3927650,  3928420,  3928446,
             3929169,  3929177,  3929184,  3929566,
            ...
            17219701, 17219706, 17219710, 17219715, 17220023, 17220027,
            17220032, 17220036, 17220390, 17220403],
           dtype='int64', length=6172)";3.565388247992984;1.2;2.971156873327487
Mo;8.0;-201.05816448152564;-3.3509694080254273;"Int64Index([ 3927024,  3927045,  3927672,  3927693,  3928474,  3929191,
             3929198,  3929205,  3929612,  3929622,
            ...
            17219719, 17219724, 17219728, 17219733, 17220041, 17220045,
            17220050, 17220054, 17220439, 17220452],
           dtype='int64', length=5209)";3.3509694080254273;1.2;2.792474506687856
Mo;9.0;-133.93525179856115;-2.232254196642686;"Int64Index([ 3927067,  3927088,  3927715,  3927736,  3928500,  3928528,
             3929212,  3929219,  3929226,  3929233,
            ...
            17219737, 17219742, 17219746, 17219751, 17220059, 17220063,
            17220068, 17220072, 17220488, 17220501],
           dtype='int64', length=4604)";2.232254196642686;1.2;1.8602118305355717
Mo;10.0;-103.60501567398119;-1.7267502612330197;"Int64Index([ 3927110,  3927131,  3927758,  3927779,  3928554,  3929240,
             3929247,  3929254,  3929261,  3929696,
            ...
            17219755, 17219760, 17219764, 17219769, 17220077, 17220081,
            17220086, 17220090, 17220537, 17220550],
           dtype='int64', length=4134)";1.7267502612330197;1.2;1.4389585510275165
Mo;11.0;-108.72942502818489;-1.8121570838030816;"Int64Index([ 3927153,  3927174,  3927801,  3927822,  3928582,  3928608,
             3929268,  3929275,  3929282,  3929289,
            ...
            17219773, 17219778, 17219782, 17219787, 17220095, 17220099,
            17220104, 17220108, 17220586, 17220599],
           dtype='int64', length=4154)";1.8121570838030816;1.2;1.5101309031692347
Mo;12.0;-99.33803184547115;-1.6556338640911858;"Int64Index([ 3927196,  3927217,  3927844,  3927865,  3928636,  3929296,
             3929303,  3929310,  3929317,  3929780,
            ...
            17219791, 17219796, 17219800, 17219805, 17220113, 17220117,
            17220122, 17220126, 17220635, 17220648],
           dtype='int64', length=4475)";1.6556338640911858;1.2;1.3796948867426548
Mo;13.0;-109.49907535829865;-1.8249845893049776;"Int64Index([ 3927239,  3927260,  3927887,  3927908,  3928662,  3928690,
             3929324,  3929331,  3929338,  3929345,
            ...
            17219809, 17219814, 17219818, 17219823, 17220131, 17220135,
            17220140, 17220144, 17220684, 17220697],
           dtype='int64', length=5200)";1.8249845893049776;1.2;1.5208204910874814
Mo;14.0;-182.74921135646687;-3.045820189274448;"Int64Index([ 3927282,  3927303,  3927930,  3927951,  3928716,  3929359,
             3929366,  3929373,  3929380,  3929864,
            ...
            17219827, 17219832, 17219836, 17219841, 17220149, 17220153,
            17220158, 17220162, 17220733, 17220746],
           dtype='int64', length=5355)";3.045820189274448;1.2;2.53818349106204
Mo;15.0;-271.97244363470736;-4.532874060578456;"Int64Index([ 3927325,  3927346,  3927973,  3927994,  3928744,  3928770,
             3929387,  3929394,  3929401,  3929408,
            ...
            17219845, 17219850, 17219854, 17219859, 17220167, 17220171,
            17220176, 17220180, 17220782, 17220795],
           dtype='int64', length=5278)";4.532874060578456;1.2;3.7773950504820464
Mo;16.0;-285.3194608654528;-4.755324347757547;"Int64Index([ 3927368,  3927389,  3928016,  3928037,  3928798,  3929415,
             3929422,  3929429,  3929436,  3929952,
            ...
            17219863, 17219868, 17219872, 17219877, 17220185, 17220189,
            17220194, 17220198, 17220831, 17220844],
           dtype='int64', length=5180)";4.755324347757547;1.2;3.962770289797956
Mo;17.0;-169.33016983016984;-2.8221694971694973;"Int64Index([ 3927411,  3927432,  3928059,  3928080,  3928824,  3928852,
             3929443,  3929450,  3929457,  3929464,
            ...
            17219881, 17219886, 17219890, 17219895, 17220203, 17220207,
            17220212, 17220216, 17220880, 17220893],
           dtype='int64', length=5091)";2.8221694971694973;1.2;2.3518079143079147
Mo;18.0;-63.07838283828383;-1.0513063806380638;"Int64Index([ 3927454,  3927475,  3928102,  3928123,  3928878,  3929471,
             3929478,  3929480,  3930036,  3930046,
            ...
            17219899, 17219904, 17219908, 17219913, 17220221, 17220225,
            17220230, 17220234, 17220929, 17220942],
           dtype='int64', length=4705)";1.0513063806380638;1.2;0.8760886505317199
Mo;19.0;-6.30384024577573;-0.10506400409626217;"Int64Index([ 3927497,  3927518,  3927520,  3928145,  3928166,  3928906,
             3928932,  3930078,  3930088,  3930099,
            ...
            17219676, 17219678, 17219917, 17219922, 17219926, 17220239,
            17220243, 17220248, 17220978, 17220991],
           dtype='int64', length=4219)";0.10506400409626217;1.2;0.08755333674688515
Mo;20.0;-52.49965205288796;-0.874994200881466;"Int64Index([ 3928168,  3928951,  3928968,  3928987,  3930120,  3930130,
             3930141,  3930143,  3932500,  3932974,
            ...
            17219406, 17219931, 17219935, 17219940, 17220252, 17220256,
            17220258, 17220260, 17220263, 17220993],
           dtype='int64', length=3758)";0.874994200881466;1.2;0.7291618340678884
Mo;21.0;-34.134943773427736;-0.5689157295571289;"Int64Index([ 3929004,  3929023,  3937653,  3937675,  3939041,  3939782,
             3939815,  3940489,  3941229,  3941263,
            ...
            17217654, 17218562, 17218577, 17218592, 17219944, 17219949,
            17219953, 17220268, 17220272, 17220277],
           dtype='int64', length=2956)";0.5689157295571289;1.2;0.4740964412976074
Mo;22.0;-6.671109200343938;-0.11118515333906563;"Int64Index([ 3929040,  3929059,  3929076,  3929095,  3937695,  3937717,
             3939075,  3939108,  3939849,  3940522,
            ...
            17217703, 17218607, 17218622, 17218637, 17219958, 17219962,
            17219967, 17220281, 17220286, 17220290],
           dtype='int64', length=2834)";0.11118515333906563;1.2;0.09265429444922137
Mo;23.0;30.089099054255847;0.5014849842375975;"Int64Index([ 3929112,  3929131,  3937737,  3937759,  3939142,  3939882,
             3939915,  3940589,  3941330,  3941363,
            ...
            17218667, 17218682, 17219971, 17219975, 17219977, 17220295,
            17220299, 17220303, 17221459, 17221840],
           dtype='int64', length=2526)";-0.5014849842375975;1.2;-0.41790415353133126
Di;0.0;6.093599704032556;0.10155999506720927;"Int64Index([    1498,     1510,     1523,     2477,     2495,     2497,
                4735,     4750,     4766,     4979,
            ...
            17939067, 17940008, 17940010, 17942385, 17942511, 17942595,
            17942859, 17943029, 17943164, 17943254],
           dtype='int64', length=4491)";-0.10155999506720927;1.2;-0.08463332922267439
Di;1.0;-33.87866449511401;-0.5646444082519001;"Int64Index([    1534,     1547,     1558,     1571,     4371,     4404,
                4438,     4780,     4796,     4810,
            ...
            17926609, 17942421, 17942685, 17942769, 17942940, 17943027,
            17943063, 17943252, 17943266, 17943354],
           dtype='int64', length=1526)";0.5646444082519001;1.2;0.47053700687658345
Di;2.0;-13.203082502266545;-0.22005137503777575;"Int64Index([    1582,     1595,     1606,     1619,     4471,     4840,
                4856,     4870,     4886,     5067,
            ...
            17817542, 17863208, 17863211, 17913741, 17926632, 17926654,
            17942509, 17942681, 17942936, 17943150],
           dtype='int64', length=1405)";0.22005137503777575;1.2;0.18337614586481313
Di;3.0;-11.338775510204082;-0.18897959183673468;"Int64Index([      10,       20,       31,       41,      105,      141,
                 165,      177,     1630,     1643,
            ...
            17910289, 17910305, 17911106, 17911150, 17913743, 17926677,
            17926699, 17942342, 17942344, 17942381],
           dtype='int64', length=1657)";0.18897959183673468;1.2;0.1574829931972789
Di;4.0;11.49890590809628;0.19164843180160465;"Int64Index([      52,       62,       64,      107,      143,      199,
                 201,      203,     1678,     1691,
            ...
            17939068, 17939083, 17940720, 17940723, 17940728, 17941291,
            17941294, 17942383, 17942683, 17942938],
           dtype='int64', length=5780)";-0.19164843180160465;1.2;-0.15970702650133722
Di;5.0;-11.750318703332725;-0.19583864505554544;"Int64Index([     224,      245,      851,      872,      893,     2811,
                2821,     2832,     2842,     5352,
            ...
            17939113, 17939128, 17940732, 17940737, 17940741, 17940992,
            17941299, 17941303, 17941308, 17941312],
           dtype='int64', length=7082)";0.19583864505554544;1.2;0.1631988708796212
Di;6.0;-40.03142819254741;-0.6671904698757901;"Int64Index([     267,      288,      915,      936,     1695,     1721,
                2853,     2863,     2874,     2884,
            ...
            17941000, 17941004, 17941009, 17941317, 17941321, 17941326,
            17941330, 17941616, 17941653, 17941666],
           dtype='int64', length=9430)";0.6671904698757901;1.2;0.5559920582298251
Di;7.0;-196.91777697755373;-3.2819629496258953;"Int64Index([     310,      331,      958,      979,     1749,     1775,
                2498,     2506,     2513,     2895,
            ...
            17941013, 17941018, 17941022, 17941027, 17941335, 17941339,
            17941344, 17941348, 17941702, 17941715],
           dtype='int64', length=10324)";3.2819629496258953;1.2;2.7349691246882464
Di;8.0;-173.56278153153153;-2.8927130255255253;"Int64Index([     353,      374,     1001,     1022,     1803,     2520,
                2527,     2534,     2941,     2951,
            ...
            17941031, 17941036, 17941040, 17941045, 17941353, 17941357,
            17941362, 17941366, 17941751, 17941764],
           dtype='int64', length=8713)";2.8927130255255253;1.2;2.410594187937938
Di;9.0;-123.9199431549029;-2.065332385915048;"Int64Index([     396,      417,     1044,     1065,     1829,     1857,
                2541,     2548,     2555,     2562,
            ...
            17941049, 17941054, 17941058, 17941063, 17941371, 17941375,
            17941380, 17941384, 17941800, 17941813],
           dtype='int64', length=7702)";2.065332385915048;1.2;1.7211103215958734
Di;10.0;-98.75461874370171;-1.6459103123950285;"Int64Index([     439,      460,     1087,     1108,     1883,     2569,
                2576,     2583,     2590,     3025,
            ...
            17941067, 17941072, 17941076, 17941081, 17941389, 17941393,
            17941398, 17941402, 17941849, 17941862],
           dtype='int64', length=6916)";1.6459103123950285;1.2;1.3715919269958572
Di;11.0;-113.54515050167224;-1.8924191750278707;"Int64Index([     482,      503,     1130,     1151,     1911,     1937,
                2597,     2604,     2611,     2618,
            ...
            17941085, 17941090, 17941094, 17941099, 17941407, 17941411,
            17941416, 17941420, 17941898, 17941911],
           dtype='int64', length=6948)";1.8924191750278707;1.2;1.5770159791898923
Di;12.0;-116.40721568627451;-1.9401202614379085;"Int64Index([     525,      546,     1173,     1194,     1965,     2625,
                2632,     2639,     2646,     3109,
            ...
            17941103, 17941108, 17941112, 17941117, 17941425, 17941429,
            17941434, 17941438, 17941947, 17941960],
           dtype='int64', length=7483)";1.9401202614379085;1.2;1.6167668845315906
Di;13.0;-120.1688723462917;-2.002814539104862;"Int64Index([     568,      589,     1216,     1237,     1991,     2019,
                2653,     2660,     2667,     2674,
            ...
            17941121, 17941126, 17941130, 17941135, 17941443, 17941447,
            17941452, 17941456, 17941996, 17942009],
           dtype='int64', length=8690)";2.002814539104862;1.2;1.6690121159207183
Di;14.0;-176.52382854100105;-2.9420638090166844;"Int64Index([     611,      632,     1259,     1280,     2045,     2688,
                2695,     2702,     2709,     3193,
            ...
            17941139, 17941144, 17941148, 17941153, 17941461, 17941465,
            17941470, 17941474, 17942045, 17942058],
           dtype='int64', length=8955)";2.9420638090166844;1.2;2.451719840847237
Di;15.0;-286.06000546746856;-4.767666757791143;"Int64Index([     654,      675,     1302,     1323,     2073,     2099,
                2716,     2723,     2730,     2737,
            ...
            17941157, 17941162, 17941166, 17941171, 17941479, 17941483,
            17941488, 17941492, 17942094, 17942107],
           dtype='int64', length=8834)";4.767666757791143;1.2;3.973055631492619
Di;16.0;-319.9147823629169;-5.3319130393819485;"Int64Index([     697,      718,     1345,     1366,     2127,     2744,
                2751,     2758,     2765,     3281,
            ...
            17941175, 17941180, 17941184, 17941189, 17941497, 17941501,
            17941506, 17941510, 17942143, 17942156],
           dtype='int64', length=8670)";5.3319130393819485;1.2;4.443260866151624
Di;17.0;-220.8809559372666;-3.68134926562111;"Int64Index([     740,      761,     1388,     1409,     2153,     2181,
                2772,     2779,     2786,     2793,
            ...
            17941193, 17941198, 17941202, 17941207, 17941515, 17941519,
            17941524, 17941528, 17942192, 17942205],
           dtype='int64', length=8523)";3.68134926562111;1.2;3.0677910546842586
Di;18.0;-101.82193802262665;-1.6970323003771108;"Int64Index([     783,      804,     1431,     1452,     2207,     2800,
                2807,     2809,     3365,     3375,
            ...
            17941211, 17941216, 17941220, 17941225, 17941533, 17941537,
            17941542, 17941546, 17942241, 17942254],
           dtype='int64', length=7873)";1.6970323003771108;1.2;1.4141935836475925
Di;19.0;-24.838468550592523;-0.41397447584320873;"Int64Index([     826,      847,      849,     1474,     1495,     2235,
                2261,     3407,     3417,     3428,
            ...
            17940988, 17940990, 17941229, 17941234, 17941238, 17941551,
            17941555, 17941560, 17942290, 17942303],
           dtype='int64', length=7059)";0.41397447584320873;1.2;0.34497872986934064
Di;20.0;-73.08137133415944;-1.218022855569324;"Int64Index([    1497,     2280,     2297,     2316,     3449,     3459,
                3470,     3472,     5829,     6303,
            ...
            17940718, 17941243, 17941247, 17941252, 17941564, 17941568,
            17941570, 17941572, 17941575, 17942305],
           dtype='int64', length=6280)";1.218022855569324;1.2;1.01501904630777
Di;21.0;-44.302376333656646;-0.7383729388942775;"Int64Index([    2333,     2352,    10982,    11004,    12370,    13111,
               13144,    13818,    14558,    14592,
            ...
            17938966, 17939874, 17939889, 17939904, 17941256, 17941261,
            17941265, 17941580, 17941584, 17941589],
           dtype='int64', length=4948)";0.7383729388942775;1.2;0.615310782411898
Di;22.0;-17.356510745891278;-0.28927517909818795;"Int64Index([    2369,     2388,     2405,     2424,    11024,    11046,
               12404,    12437,    13178,    13851,
            ...
            17939015, 17939919, 17939934, 17939949, 17941270, 17941274,
            17941279, 17941593, 17941598, 17941602],
           dtype='int64', length=4744)";0.28927517909818795;1.2;0.24106264924848997
Di;23.0;24.99851411589896;0.41664190193164935;"Int64Index([    2441,     2460,    11066,    11088,    12471,    13211,
               13244,    13918,    14659,    14692,
            ...
            17939979, 17939994, 17941283, 17941287, 17941289, 17941607,
            17941611, 17941615, 17942771, 17943152],
           dtype='int64', length=4230)";-0.41664190193164935;1.2;-0.34720158494304115
Mi;0.0;11.18231046931408;0.18637184115523467;"Int64Index([  726326,   726338,   726351,   727305,   727323,   727325,
              729563,   729578,   729594,   729807,
            ...
            18660334, 18661275, 18661277, 18663652, 18663778, 18663862,
            18664126, 18664296, 18664431, 18664521],
           dtype='int64', length=3583)";-0.18637184115523467;1.2;-0.15530986762936222
Mi;1.0;-37.512537612838514;-0.6252089602139752;"Int64Index([  726362,   726375,   726386,   726399,   729199,   729232,
              729266,   729608,   729624,   729638,
            ...
            18647855, 18647877, 18663688, 18663952, 18664036, 18664207,
            18664294, 18664330, 18664519, 18664533],
           dtype='int64', length=1218)";0.6252089602139752;1.2;0.5210074668449793
Mi;2.0;-12.162528216704288;-0.20270880361173813;"Int64Index([  726410,   726423,   726434,   726447,   729299,   729668,
              729684,   729698,   729714,   729895,
            ...
            18538810, 18584476, 18584479, 18635009, 18647900, 18647922,
            18663776, 18663948, 18664203, 18664417],
           dtype='int64', length=1124)";0.20270880361173813;1.2;0.16892400300978178
Mi;3.0;-0.5262096774193549;-0.00877016129032258;"Int64Index([  724838,   724848,   724859,   724869,   724933,   724969,
              724993,   725005,   726458,   726471,
            ...
            18631557, 18631573, 18632374, 18632418, 18635011, 18647945,
            18647967, 18663609, 18663611, 18663648],
           dtype='int64', length=1322)";0.00877016129032258;1.2;0.007308467741935484
Mi;4.0;10.143656167206359;0.16906093612010598;"Int64Index([  724880,   724890,   724892,   724935,   724971,   725027,
              725029,   725031,   726506,   726519,
            ...
            18660335, 18660350, 18661987, 18661990, 18661995, 18662558,
            18662561, 18663650, 18663950, 18664205],
           dtype='int64', length=4613)";-0.16906093612010598;1.2;-0.14088411343342166
Mi;5.0;-11.632516703786191;-0.1938752783964365;"Int64Index([  725052,   725073,   725679,   725700,   725721,   727639,
              727649,   727660,   727670,   730180,
            ...
            18660380, 18660395, 18661999, 18662004, 18662008, 18662259,
            18662566, 18662570, 18662575, 18662579],
           dtype='int64', length=5642)";0.1938752783964365;1.2;0.16156273199703042
Mi;6.0;-30.869679539852097;-0.514494658997535;"Int64Index([  725095,   725116,   725743,   725764,   726523,   726549,
              727681,   727691,   727702,   727712,
            ...
            18662267, 18662271, 18662276, 18662584, 18662588, 18662593,
            18662597, 18662883, 18662920, 18662933],
           dtype='int64', length=7515)";0.514494658997535;1.2;0.4287455491646125
Mi;7.0;-176.17038450249487;-2.936173075041581;"Int64Index([  725138,   725159,   725786,   725807,   726577,   726603,
              727326,   727334,   727341,   727723,
            ...
            18662280, 18662285, 18662289, 18662294, 18662602, 18662606,
            18662611, 18662615, 18662969, 18662982],
           dtype='int64', length=8228)";2.936173075041581;1.2;2.4468108958679844
Mi;8.0;-147.81555747623165;-2.463592624603861;"Int64Index([  725181,   725202,   725829,   725850,   726631,   727348,
              727355,   727362,   727769,   727779,
            ...
            18662298, 18662303, 18662307, 18662312, 18662620, 18662624,
            18662629, 18662633, 18663018, 18663031],
           dtype='int64', length=6941)";2.463592624603861;1.2;2.0529938538365506
Mi;9.0;-96.94698748043818;-1.6157831246739698;"Int64Index([  725224,   725245,   725872,   725893,   726657,   726685,
              727369,   727376,   727383,   727390,
            ...
            18662316, 18662321, 18662325, 18662330, 18662638, 18662642,
            18662647, 18662651, 18663067, 18663080],
           dtype='int64', length=6133)";1.6157831246739698;1.2;1.3464859372283082
Mi;10.0;-82.74448413532255;-1.3790747355887092;"Int64Index([  725267,   725288,   725915,   725936,   726711,   727397,
              727404,   727411,   727418,   727853,
            ...
            18662334, 18662339, 18662343, 18662348, 18662656, 18662660,
            18662665, 18662669, 18663116, 18663129],
           dtype='int64', length=5505)";1.3790747355887092;1.2;1.1492289463239245
Mi;11.0;-112.72595548089038;-1.8787659246815063;"Int64Index([  725310,   725331,   725958,   725979,   726739,   726765,
              727425,   727432,   727439,   727446,
            ...
            18662352, 18662357, 18662361, 18662366, 18662674, 18662678,
            18662683, 18662687, 18663165, 18663178],
           dtype='int64', length=5531)";1.8787659246815063;1.2;1.565638270567922
Mi;12.0;-111.94080629301868;-1.8656801048836447;"Int64Index([  725353,   725374,   726001,   726022,   726793,   727453,
              727460,   727467,   727474,   727937,
            ...
            18662370, 18662375, 18662379, 18662384, 18662692, 18662696,
            18662701, 18662705, 18663214, 18663227],
           dtype='int64', length=5959)";1.8656801048836447;1.2;1.5547334207363706
Mi;13.0;-122.72707049965777;-2.0454511749942963;"Int64Index([  725396,   725417,   726044,   726065,   726819,   726847,
              727481,   727488,   727495,   727502,
            ...
            18662388, 18662393, 18662397, 18662402, 18662710, 18662714,
            18662719, 18662723, 18663263, 18663276],
           dtype='int64', length=6925)";2.0454511749942963;1.2;1.7045426458285804
Mi;14.0;-195.59662883845127;-3.259943813974188;"Int64Index([  725439,   725460,   726087,   726108,   726873,   727516,
              727523,   727530,   727537,   728021,
            ...
            18662406, 18662411, 18662415, 18662420, 18662728, 18662732,
            18662737, 18662741, 18663312, 18663325],
           dtype='int64', length=7135)";3.259943813974188;1.2;2.71661984497849
Mi;15.0;-299.4197445633414;-4.99032907605569;"Int64Index([  725482,   725503,   726130,   726151,   726901,   726927,
              727544,   727551,   727558,   727565,
            ...
            18662424, 18662429, 18662433, 18662438, 18662746, 18662750,
            18662755, 18662759, 18663361, 18663374],
           dtype='int64', length=7028)";4.99032907605569;1.2;4.158607563379742
Mi;16.0;-339.34977973568283;-5.655829662261381;"Int64Index([  725525,   725546,   726173,   726194,   726955,   727572,
              727579,   727586,   727593,   728109,
            ...
            18662442, 18662447, 18662451, 18662456, 18662764, 18662768,
            18662773, 18662777, 18663410, 18663423],
           dtype='int64', length=6897)";5.655829662261381;1.2;4.713191385217818
Mi;17.0;-251.327023988006;-4.188783733133433;"Int64Index([  725568,   725589,   726216,   726237,   726981,   727009,
              727600,   727607,   727614,   727621,
            ...
            18662460, 18662465, 18662469, 18662474, 18662782, 18662786,
            18662791, 18662795, 18663459, 18663472],
           dtype='int64', length=6787)";4.188783733133433;1.2;3.490653110944528
Mi;18.0;-126.55902051067392;-2.109317008511232;"Int64Index([  725611,   725632,   726259,   726280,   727035,   727628,
              727635,   727637,   728193,   728203,
            ...
            18662478, 18662483, 18662487, 18662492, 18662800, 18662804,
            18662809, 18662813, 18663508, 18663521],
           dtype='int64', length=6269)";2.109317008511232;1.2;1.7577641737593601
Mi;19.0;-31.5559172285515;-0.5259319538091917;"Int64Index([  725654,   725675,   725677,   726302,   726323,   727063,
              727089,   728235,   728245,   728256,
            ...
            18662255, 18662257, 18662496, 18662501, 18662505, 18662818,
            18662822, 18662827, 18663557, 18663570],
           dtype='int64', length=5619)";0.5259319538091917;1.2;0.4382766281743264
Mi;20.0;-68.23587866108787;-1.1372646443514645;"Int64Index([  726325,   727108,   727125,   727144,   728277,   728287,
              728298,   728300,   730657,   731131,
            ...
            18661985, 18662510, 18662514, 18662519, 18662831, 18662835,
            18662837, 18662839, 18662842, 18663572],
           dtype='int64', length=4998)";1.1372646443514645;1.2;0.9477205369595537
Mi;21.0;-48.97712717291857;-0.8162854528819762;"Int64Index([  727161,   727180,   735810,   735832,   737198,   737939,
              737972,   738646,   739386,   739420,
            ...
            18660233, 18661141, 18661156, 18661171, 18662523, 18662528,
            18662532, 18662847, 18662851, 18662856],
           dtype='int64', length=3942)";0.8162854528819762;1.2;0.6802378774016469
Mi;22.0;-22.50096215522771;-0.37501603592046184;"Int64Index([  727197,   727216,   727233,   727252,   735852,   735874,
              737232,   737265,   738006,   738679,
            ...
            18660282, 18661186, 18661201, 18661216, 18662537, 18662541,
            18662546, 18662860, 18662865, 18662869],
           dtype='int64', length=3783)";0.37501603592046184;1.2;0.31251336326705154
Mi;23.0;24.943059173799778;0.41571765289666296;"Int64Index([  727269,   727288,   735894,   735916,   737299,   738039,
              738072,   738746,   739487,   739520,
            ...
            18661246, 18661261, 18662550, 18662554, 18662556, 18662874,
            18662878, 18662882, 18664038, 18664419],
           dtype='int64', length=3372)";-0.41571765289666296;1.2;-0.3464313774138858
Do;0.0;7.8196187819618785;0.13032697969936463;"Int64Index([ 1451110,  1451122,  1451135,  1452089,  1452107,  1452109,
             1454347,  1454362,  1454378,  1454591,
            ...
            14731485, 14732302, 14732305, 14732309, 14733072, 14733096,
            14733099, 14736690, 14736692, 14737053],
           dtype='int64', length=3620)";-0.13032697969936463;1.2;-0.1086058164161372
Do;1.0;-55.226681127982644;-0.9204446854663774;"Int64Index([ 1451146,  1451159,  1451170,  1451183,  1453983,  1454016,
             1454050,  1454392,  1454408,  1454422,
            ...
            14647030, 14647118, 14676336, 14677081, 14715574, 14715576,
            14731489, 14731491, 14732311, 14737102],
           dtype='int64', length=1226)";0.9204446854663774;1.2;0.7670372378886479
Do;2.0;-26.0162224797219;-0.433603707995365;"Int64Index([ 1451194,  1451207,  1451218,  1451231,  1454083,  1454452,
             1454468,  1454482,  1454498,  1454679,
            ...
            14544199, 14544400, 14611727, 14646273, 14646445, 14646745,
            14646912, 14676365, 14676368, 14737148],
           dtype='int64', length=1124)";0.433603707995365;1.2;0.36133642332947086
Do;3.0;0.7811550151975684;0.013019250253292806;"Int64Index([ 1449622,  1449632,  1449643,  1449653,  1449717,  1449753,
             1449777,  1449789,  1451242,  1451255,
            ...
            14717713, 14723973, 14723989, 14727598, 14727614, 14728415,
            14728459, 14729139, 14729143, 14737150],
           dtype='int64', length=1333)";-0.013019250253292806;1.2;-0.01084937521107734
Do;4.0;11.256133177570094;0.18760221962616824;"Int64Index([ 1449664,  1449674,  1449676,  1449719,  1449755,  1449811,
             1449813,  1449815,  1451290,  1451303,
            ...
            14730011, 14730014, 14730633, 14730637, 14730640, 14730665,
            14734284, 14734317, 14735376, 14735394],
           dtype='int64', length=4656)";-0.18760221962616824;1.2;-0.15633518302180688
Do;5.0;-8.403489152314918;-0.14005815253858198;"Int64Index([ 1449836,  1449857,  1450463,  1450484,  1450505,  1452423,
             1452433,  1452444,  1452454,  1454964,
            ...
            14730696, 14731494, 14731518, 14732314, 14733102, 14733692,
            14734348, 14735444, 14735953, 14736004],
           dtype='int64', length=5728)";0.14005815253858198;1.2;0.11671512711548498
Do;6.0;-32.882054637657454;-0.5480342439609576;"Int64Index([ 1449879,  1449900,  1450527,  1450548,  1451307,  1451333,
             1452465,  1452475,  1452486,  1452496,
            ...
            14733132, 14733694, 14733719, 14733744, 14734381, 14734923,
            14734956, 14735495, 14736694, 14737153],
           dtype='int64', length=7620)";0.5480342439609576;1.2;0.456695203300798
Do;7.0;-183.631718061674;-3.0605286343612335;"Int64Index([ 1449922,  1449943,  1450570,  1450591,  1451361,  1451387,
             1452110,  1452118,  1452125,  1452507,
            ...
            14734412, 14734445, 14734987, 14735545, 14736054, 14736710,
            14736726, 14736728, 14737177, 14737202],
           dtype='int64', length=8344)";3.0605286343612335;1.2;2.550440528634361
Do;8.0;-162.57572614107883;-2.7095954356846472;"Int64Index([ 1449965,  1449986,  1450613,  1450634,  1451415,  1452132,
             1452139,  1452146,  1452553,  1452563,
            ...
            14733213, 14733238, 14733800, 14733803, 14733806, 14733831,
            14735020, 14736105, 14737228, 14737253],
           dtype='int64', length=7048)";2.7095954356846472;1.2;2.2579961964038726
Do;9.0;-119.29488680718188;-1.9882481134530314;"Int64Index([ 1450008,  1450029,  1450656,  1450677,  1451441,  1451469,
             1452153,  1452160,  1452167,  1452174,
            ...
            14733269, 14733856, 14733859, 14734476, 14734509, 14735051,
            14735596, 14736155, 14737271, 14737288],
           dtype='int64', length=6236)";1.9882481134530314;1.2;1.6568734278775263
Do;10.0;-113.58758361204013;-1.8931263935340021;"Int64Index([ 1450051,  1450072,  1450699,  1450720,  1451495,  1452181,
             1452188,  1452195,  1452202,  1452637,
            ...
            14733297, 14733300, 14733862, 14733887, 14733912, 14734540,
            14735084, 14735646, 14737306, 14737323],
           dtype='int64', length=5604)";1.8931263935340021;1.2;1.5776053279450017
Do;11.0;-113.72835137385512;-1.8954725228975853;"Int64Index([ 1450094,  1450115,  1450742,  1450763,  1451523,  1451549,
             1452209,  1452216,  1452223,  1452230,
            ...
            14733350, 14733915, 14733918, 14733943, 14734573, 14735115,
            14735697, 14736206, 14737341, 14737358],
           dtype='int64', length=5628)";1.8954725228975853;1.2;1.5795604357479878
Do;12.0;-115.47707317073171;-1.9246178861788619;"Int64Index([ 1450137,  1450158,  1450785,  1450806,  1451577,  1452237,
             1452244,  1452251,  1452258,  1452721,
            ...
            14733968, 14733971, 14733974, 14733999, 14734604, 14735148,
            14736256, 14737376, 14737393, 14737419],
           dtype='int64', length=6056)";1.9246178861788619;1.2;1.603848238482385
Do;13.0;-122.25;-2.0375;"Int64Index([ 1450180,  1450201,  1450828,  1450849,  1451603,  1451631,
             1452265,  1452272,  1452279,  1452286,
            ...
            14733437, 14734024, 14734027, 14734637, 14735179, 14735747,
            14736307, 14736730, 14736770, 14737444],
           dtype='int64', length=7020)";2.0375;1.2;1.6979166666666667
Do;14.0;-193.73193821624315;-3.228865636937386;"Int64Index([ 1450223,  1450244,  1450871,  1450892,  1451657,  1452300,
             1452307,  1452314,  1452321,  1452805,
            ...
            14733468, 14734030, 14734055, 14734080, 14734668, 14735212,
            14735798, 14736810, 14737470, 14737495],
           dtype='int64', length=7240)";3.228865636937386;1.2;2.6907213641144883
Do;15.0;-314.6564950562564;-5.244274917604273;"Int64Index([ 1450266,  1450287,  1450914,  1450935,  1451685,  1451711,
             1452328,  1452335,  1452342,  1452349,
            ...
            14734083, 14734086, 14734111, 14734701, 14735243, 14735848,
            14736357, 14736850, 14736899, 14737528],
           dtype='int64', length=7152)";5.244274917604273;1.2;4.370229098003561
Do;16.0;-359.630274735141;-5.993837912252349;"Int64Index([ 1450309,  1450330,  1450957,  1450978,  1451739,  1452356,
             1452363,  1452370,  1452377,  1452893,
            ...
            14733574, 14734136, 14734139, 14734142, 14734167, 14734732,
            14735276, 14736408, 14736902, 14737559],
           dtype='int64', length=7020)";5.993837912252349;1.2;4.994864926876958
Do;17.0;-257.86703338391504;-4.297783889731917;"Int64Index([ 1450352,  1450373,  1451000,  1451021,  1451765,  1451793,
             1452384,  1452391,  1452398,  1452405,
            ...
            14733605, 14734192, 14734195, 14734765, 14735307, 14735899,
            14736458, 14736905, 14736953, 14737585],
           dtype='int64', length=6904)";4.297783889731917;1.2;3.581486574776598
Do;18.0;-134.6916456759026;-2.2448607612650435;"Int64Index([ 1450395,  1450416,  1451043,  1451064,  1451819,  1452412,
             1452419,  1452421,  1452977,  1452987,
            ...
            14734198, 14734223, 14734248, 14734796, 14735340, 14735949,
            14737002, 14737004, 14737610, 14737628],
           dtype='int64', length=6376)";2.2448607612650435;1.2;1.870717301054203
Do;19.0;-37.97888455359192;-0.632981409226532;"Int64Index([ 1450438,  1450459,  1450461,  1451086,  1451107,  1451847,
             1451873,  1453019,  1453029,  1453040,
            ...
            14734278, 14734281, 14734829, 14735371, 14735374, 14735951,
            14736509, 14737006, 14737645, 14737662],
           dtype='int64', length=5720)";0.632981409226532;1.2;0.5274845076887767
Do;20.0;-72.51913265306122;-1.2086522108843536;"Int64Index([ 1451109,  1451892,  1451909,  1451928,  1453061,  1453071,
             1453082,  1453084,  1455441,  1455915,
            ...
            14732137, 14732904, 14732929, 14732954, 14732957, 14733688,
            14733690, 14734860, 14736542, 14737664],
           dtype='int64', length=5086)";1.2086522108843536;1.2;1.0072101757369614
Do;21.0;-56.37776431384429;-0.9396294052307381;"Int64Index([ 1451945,  1451964,  1460594,  1460616,  1461982,  1462723,
             1462756,  1463430,  1464170,  1464204,
            ...
            14732140, 14732165, 14732190, 14732193, 14732960, 14732985,
            14733010, 14734893, 14736576, 14736626],
           dtype='int64', length=4004)";0.9396294052307381;1.2;0.7830245043589484
Do;22.0;-32.10879190385832;-0.5351465317309719;"Int64Index([ 1451981,  1452000,  1452017,  1452036,  1460636,  1460658,
             1462016,  1462049,  1462790,  1463463,
            ...
            14731418, 14731421, 14732196, 14732221, 14732246, 14733013,
            14733016, 14733041, 14734918, 14734920],
           dtype='int64', length=3832)";0.5351465317309719;1.2;0.4459554431091433
Do;23.0;14.818791946308725;0.24697986577181208;"Int64Index([ 1452053,  1452072,  1460678,  1460700,  1462083,  1462823,
             1462856,  1463530,  1464271,  1464304,
            ...
            14729982, 14731424, 14731449, 14731474, 14732249, 14732252,
            14732277, 14733066, 14733069, 14736677],
           dtype='int64', length=3420)";-0.24697986577181208;1.2;-0.2058165548098434
Fr;0.0;-11.551688311688311;-0.19252813852813852;"Int64Index([ 2175940,  2175952,  2175965,  2176919,  2176937,  2176939,
             2179075,  2179090,  2179106,  2179319,
            ...
            15453882, 15456190, 15458268, 15458718, 15458721, 15461543,
            15461545, 15461628, 15462434, 15462436],
           dtype='int64', length=3447)";0.19252813852813852;1.2;0.16044011544011544
Fr;1.0;-73.1396449704142;-1.2189940828402366;"Int64Index([ 2175976,  2175989,  2176000,  2176013,  2179120,  2179136,
             2179150,  2179166,  2179357,  2179370,
            ...
            15380902, 15380910, 15381336, 15381344, 15381770, 15381778,
            15417621, 15418366, 15437640, 15461677],
           dtype='int64', length=1089)";1.2189940828402366;1.2;1.0158284023668638
Fr;2.0;-39.410224438902745;-0.6568370739817124;"Int64Index([ 2176024,  2176037,  2176048,  2176061,  2179180,  2179196,
             2179210,  2179226,  2179407,  2179420,
            ...
            15380918, 15380926, 15381352, 15381360, 15381786, 15381794,
            15417650, 15417653, 15437684, 15461723],
           dtype='int64', length=1045)";0.6568370739817124;1.2;0.5473642283180937
Fr;3.0;-10.422268907563025;-0.17370448179271708;"Int64Index([ 2174452,  2174462,  2174473,  2174483,  2174547,  2174583,
             2174607,  2174619,  2176072,  2176085,
            ...
            15422202, 15440961, 15442877, 15454637, 15454653, 15458271,
            15458287, 15459088, 15459132, 15461725],
           dtype='int64', length=1296)";0.17370448179271708;1.2;0.14475373482726425
Fr;4.0;6.379115989320677;0.10631859982201128;"Int64Index([ 2174494,  2174504,  2174506,  2174549,  2174585,  2174641,
             2174643,  2174645,  2176120,  2176133,
            ...
            15457850, 15457866, 15458303, 15458319, 15459090, 15459134,
            15459137, 15459170, 15460229, 15460247],
           dtype='int64', length=4633)";-0.10631859982201128;1.2;-0.0885988331850094
Fr;5.0;-4.620049228015216;-0.07700082046692028;"Int64Index([ 2174666,  2174687,  2175293,  2175314,  2175335,  2177253,
             2177263,  2177274,  2177284,  2179692,
            ...
            15457461, 15457477, 15457882, 15458335, 15459201, 15460297,
            15460806, 15460857, 15461728, 15461759],
           dtype='int64', length=5692)";0.07700082046692028;1.2;0.06416735038910024
Fr;6.0;-25.124647302904563;-0.4187441217150761;"Int64Index([ 2174709,  2174730,  2175357,  2175378,  2176137,  2176163,
             2177295,  2177305,  2177316,  2177326,
            ...
            15457898, 15457914, 15458351, 15459234, 15459776, 15459809,
            15460348, 15461547, 15461790, 15462439],
           dtype='int64', length=7566)";0.4187441217150761;1.2;0.3489534347625634
Fr;7.0;-143.97152229014463;-2.3995253715024107;"Int64Index([ 2174752,  2174773,  2175400,  2175421,  2176191,  2176217,
             2176940,  2176948,  2176955,  2177337,
            ...
            15459298, 15459840, 15460398, 15460907, 15461563, 15461579,
            15461581, 15461823, 15462463, 15462488],
           dtype='int64', length=8276)";2.3995253715024107;1.2;1.999604476252009
Fr;8.0;-127.60726130214697;-2.126787688369116;"Int64Index([ 2174795,  2174816,  2175443,  2175464,  2176245,  2176962,
             2176969,  2176976,  2177383,  2177393,
            ...
            15457946, 15458399, 15458740, 15458756, 15459873, 15460958,
            15461854, 15461887, 15462514, 15462539],
           dtype='int64', length=6992)";2.126787688369116;1.2;1.7723230736409301
Fr;9.0;-106.16424157863266;-1.7694040263105442;"Int64Index([ 2174838,  2174859,  2175486,  2175507,  2176271,  2176299,
             2176983,  2176990,  2176997,  2177004,
            ...
            15458415, 15458772, 15459329, 15459362, 15459904, 15460449,
            15461008, 15461918, 15462557, 15462574],
           dtype='int64', length=6184)";1.7694040263105442;1.2;1.474503355258787
Fr;10.0;-112.67264957264958;-1.8778774928774928;"Int64Index([ 2174881,  2174902,  2175529,  2175550,  2176325,  2177011,
             2177018,  2177025,  2177032,  2177467,
            ...
            15457573, 15457994, 15458431, 15458788, 15459393, 15459937,
            15460499, 15461951, 15462592, 15462609],
           dtype='int64', length=5556)";1.8778774928774928;1.2;1.5648979107312442
Fr;11.0;-151.85674518201284;-2.5309457530335475;"Int64Index([ 2174924,  2174945,  2175572,  2175593,  2176353,  2176379,
             2177039,  2177046,  2177053,  2177060,
            ...
            15458463, 15458804, 15458820, 15459426, 15459968, 15460550,
            15461059, 15461982, 15462627, 15462644],
           dtype='int64', length=5582)";2.5309457530335475;1.2;2.1091214608612896
Fr;12.0;-188.07517730496454;-3.1345862884160756;"Int64Index([ 2174967,  2174988,  2175615,  2175636,  2176407,  2177067,
             2177074,  2177081,  2177088,  2177551,
            ...
            15458026, 15458479, 15458836, 15459457, 15460001, 15461109,
            15462015, 15462662, 15462679, 15462705],
           dtype='int64', length=6018)";3.1345862884160756;1.2;2.6121552403467296
Fr;13.0;-233.9097983728334;-3.8984966395472234;"Int64Index([ 2175010,  2175031,  2175658,  2175679,  2176433,  2176461,
             2177095,  2177102,  2177109,  2177116,
            ...
            15457637, 15458042, 15458495, 15458852, 15459490, 15460032,
            15460600, 15461160, 15462046, 15462730],
           dtype='int64', length=7008)";3.8984966395472234;1.2;3.248747199622686
Fr;14.0;-287.48490664805445;-4.791415110800908;"Int64Index([ 2175053,  2175074,  2175701,  2175722,  2176487,  2177130,
             2177137,  2177144,  2177151,  2177639,
            ...
            15458058, 15458074, 15458511, 15458868, 15459521, 15460065,
            15460651, 15462079, 15462756, 15462781],
           dtype='int64', length=7186)";4.791415110800908;1.2;3.992845925667423
Fr;15.0;-263.74306306306306;-4.395717717717718;"Int64Index([ 2175096,  2175117,  2175744,  2175765,  2176515,  2176541,
             2177158,  2177165,  2177172,  2177179,
            ...
            15458090, 15458527, 15458543, 15458884, 15459554, 15460096,
            15460701, 15461210, 15462110, 15462814],
           dtype='int64', length=7071)";4.395717717717718;1.2;3.6630980980980983
Fr;16.0;-217.4081406105458;-3.623469010175763;"Int64Index([ 2175139,  2175160,  2175787,  2175808,  2176569,  2177186,
             2177193,  2177200,  2177207,  2177723,
            ...
            15458106, 15458559, 15458900, 15458916, 15459585, 15460129,
            15461261, 15462136, 15462161, 15462845],
           dtype='int64', length=6936)";3.623469010175763;1.2;3.0195575084798025
Fr;17.0;-152.1458777885548;-2.5357646298092464;"Int64Index([ 2175182,  2175203,  2175830,  2175851,  2176595,  2176623,
             2177214,  2177221,  2177228,  2177235,
            ...
            15458122, 15458138, 15458575, 15458932, 15459618, 15460160,
            15460752, 15461311, 15462194, 15462871],
           dtype='int64', length=6846)";2.5357646298092464;1.2;2.1131371915077053
Fr;18.0;-95.63435556508685;-1.5939059260847808;"Int64Index([ 2175225,  2175246,  2175873,  2175894,  2176649,  2177242,
             2177249,  2177251,  2177807,  2177817,
            ...
            15457733, 15458154, 15458591, 15458948, 15459649, 15460193,
            15460802, 15462225, 15462896, 15462914],
           dtype='int64', length=6305)";1.5939059260847808;1.2;1.3282549384039841
Fr;19.0;-45.53591160220994;-0.7589318600368323;"Int64Index([ 2175268,  2175289,  2175291,  2175916,  2175937,  2176677,
             2176703,  2177849,  2177859,  2177870,
            ...
            15458623, 15458964, 15459682, 15460224, 15460227, 15460804,
            15461362, 15462258, 15462931, 15462948],
           dtype='int64', length=5664)";0.7589318600368323;1.2;0.6324432166973603
Fr;20.0;-89.74973002159827;-1.4958288336933045;"Int64Index([ 2175939,  2176722,  2176739,  2176758,  2177891,  2177901,
             2177912,  2177914,  2180169,  2180643,
            ...
            15457765, 15457781, 15458186, 15458639, 15458980, 15458996,
            15459713, 15461395, 15462289, 15462950],
           dtype='int64', length=5027)";1.4958288336933045;1.2;1.2465240280777539
Fr;21.0;-80.93362282878412;-1.3488937138130688;"Int64Index([ 2176775,  2176794,  2185322,  2185344,  2187204,  2187945,
             2187978,  2188652,  2189392,  2189426,
            ...
            15456886, 15457797, 15458202, 15458218, 15458655, 15459012,
            15459746, 15461429, 15461479, 15462322],
           dtype='int64', length=3985)";1.3488937138130688;1.2;1.124078094844224
Fr;22.0;-58.138068370394954;-0.9689678061732493;"Int64Index([ 2176811,  2176830,  2176847,  2176866,  2185364,  2185386,
             2187238,  2187271,  2188012,  2188685,
            ...
            15457829, 15458234, 15458671, 15458687, 15459028, 15459043,
            15459771, 15459773, 15462353, 15462386],
           dtype='int64', length=3704)";0.9689678061732493;1.2;0.8074731718110411
Fr;23.0;-9.674796747967479;-0.16124661246612465;"Int64Index([ 2176883,  2176902,  2185406,  2185428,  2187305,  2188045,
             2188078,  2188752,  2189493,  2189526,
            ...
            15456187, 15456904, 15457844, 15457847, 15458250, 15458265,
            15458703, 15459046, 15461530, 15462417],
           dtype='int64', length=3354)";0.16124661246612465;1.2;0.13437217705510388
Sa;0.0;-20.824987605354487;-0.34708312675590813;"Int64Index([ 2896362,  2896374,  2896387,  2897414,  2897432,  2897434,
             2899627,  2899629,  2899647,  2899688,
            ...
            16007411, 16009784, 16009786, 16010613, 16013376, 16013378,
            16014209, 16014946, 16014948, 16015744],
           dtype='int64', length=3496)";0.34708312675590813;1.2;0.2892359389632568
Sa;1.0;-98.99544937428897;-1.6499241562381495;"Int64Index([ 2896398,  2896411,  2896422,  2896435,  2902780,  2902815,
             2902925,  2903027,  2903464,  2903473,
            ...
            15962474, 15963527, 15963751, 15976785, 15980889, 15983256,
            16006743, 16006751, 16010646, 16010679],
           dtype='int64', length=1090)";1.6499241562381495;1.2;1.3749367968651247
Sa;2.0;-74.10397196261682;-1.2350661993769472;"Int64Index([ 2896446,  2896459,  2896470,  2896483,  2899732,  2902845,
             2902960,  2903057,  2903092,  2903512,
            ...
            15954967, 15955009, 15962516, 15976805, 15976825, 15983285,
            15983288, 16006759, 16006767, 16010712],
           dtype='int64', length=1059)";1.2350661993769472;1.2;1.0292218328141227
Sa;3.0;-29.09259259259259;-0.48487654320987655;"Int64Index([ 2895838,  2895852,  2895874,  2895944,  2895956,  2896494,
             2896507,  2896518,  2896531,  2896627,
            ...
            15932896, 15971742, 15994427, 15994443, 15995109, 15995125,
            15996148, 15998194, 15998210, 16004306],
           dtype='int64', length=1139)";0.48487654320987655;1.2;0.40406378600823045
Sa;4.0;-22.175249169435215;-0.36958748615725356;"Int64Index([ 2895840,  2895886,  2895908,  2895978,  2895990,  2896542,
             2896555,  2896566,  2896579,  2896718,
            ...
            15997139, 15997773, 15997789, 15998226, 15998242, 16001737,
            16004308, 16009788, 16009821, 16015746],
           dtype='int64', length=1625)";0.36958748615725356;1.2;0.3079895717977113
Sa;5.0;-5.743810178817056;-0.09573016964695094;"Int64Index([ 2895920,  2895922,  2896012,  2896014,  2896590,  2896603,
             2896605,  2898427,  2898429,  2898540,
            ...
            16000107, 16001767, 16001797, 16003662, 16003692, 16009032,
            16009063, 16009854, 16010714, 16010747],
           dtype='int64', length=3830)";0.09573016964695094;1.2;0.07977514137245913
Sa;6.0;-10.979094076655052;-0.1829849012775842;"Int64Index([ 2897692,  2897703,  2898724,  2898741,  2898758,  2900362,
             2900388,  2901120,  2901864,  2901890,
            ...
            16009096, 16009887, 16010780, 16010813, 16011943, 16011980,
            16012560, 16013380, 16013415, 16014950],
           dtype='int64', length=3336)";0.1829849012775842;1.2;0.15248741773132019
Sa;7.0;-24.204143000334113;-0.4034023833389019;"Int64Index([ 2897713,  2897724,  2897734,  2897745,  2898775,  2898792,
             2898809,  2900414,  2901146,  2901172,
            ...
            16006784, 16009127, 16009920, 16010846, 16012015, 16012597,
            16012632, 16013452, 16014985, 16015022],
           dtype='int64', length=3438)";0.4034023833389019;1.2;0.33616865278241825
Sa;8.0;-13.772557394554191;-0.22954262324256985;"Int64Index([ 2896722,  2896748,  2897755,  2897766,  2897776,  2897787,
             2898826,  2898843,  2898860,  2899734,
            ...
            16009953, 16010879, 16011444, 16012052, 16012669, 16013487,
            16013524, 16014211, 16014246, 16015057],
           dtype='int64', length=4457)";0.22954262324256985;1.2;0.19128551936880822
Sa;9.0;7.958543289051764;0.13264238815086274;"Int64Index([ 2896016,  2896776,  2896802,  2897435,  2897443,  2897450,
             2897797,  2897808,  2897818,  2897829,
            ...
            16010019, 16010912, 16011477, 16011510, 16012087, 16012124,
            16012704, 16013559, 16014283, 16015094],
           dtype='int64', length=5151)";-0.13264238815086274;1.2;-0.11053532345905229
Sa;10.0;-29.94337433279183;-0.49905623887986383;"Int64Index([ 2896037,  2896058,  2896830,  2897457,  2897464,  2897471,
             2897478,  2897839,  2897850,  2897860,
            ...
            16009255, 16010052, 16010945, 16011543, 16012159, 16012741,
            16013596, 16014318, 16014355, 16015129],
           dtype='int64', length=4953)";0.49905623887986383;1.2;0.4158801990665532
Sa;11.0;-67.20009306654258;-1.1200015511090429;"Int64Index([ 2896080,  2896101,  2896856,  2896884,  2897485,  2897492,
             2897499,  2897506,  2897881,  2897892,
            ...
            16010085, 16010978, 16011011, 16011576, 16012196, 16012776,
            16012813, 16013631, 16014390, 16015166],
           dtype='int64', length=4939)";1.1200015511090429;1.2;0.9333346259242025
Sa;12.0;-90.3537337291619;-1.5058955621526984;"Int64Index([ 2896123,  2896144,  2896910,  2897513,  2897520,  2897527,
             2897534,  2897923,  2897934,  2897944,
            ...
            16009319, 16010118, 16011044, 16011609, 16012231, 16012848,
            16013668, 16014427, 16015201, 16015238],
           dtype='int64', length=5049)";1.5058955621526984;1.2;1.254912968460582
Sa;13.0;-109.86012861736334;-1.8310021436227224;"Int64Index([ 2896166,  2896187,  2896938,  2896964,  2897541,  2897548,
             2897555,  2897562,  2897965,  2897976,
            ...
            16009383, 16010151, 16011077, 16011642, 16012268, 16012885,
            16013703, 16013740, 16014462, 16015273],
           dtype='int64', length=5027)";1.8310021436227224;1.2;1.5258351196856021
Sa;14.0;-117.75842044134727;-1.962640340689121;"Int64Index([ 2896209,  2896230,  2896992,  2897569,  2897576,  2897583,
             2897590,  2898007,  2898018,  2898028,
            ...
            16010217, 16011110, 16011675, 16011708, 16012303, 16012340,
            16012920, 16013775, 16014499, 16015310],
           dtype='int64', length=5019)";1.962640340689121;1.2;1.6355336172409343
Sa;15.0;-155.85301837270342;-2.5975503062117236;"Int64Index([ 2896252,  2896273,  2897018,  2897046,  2897597,  2897604,
             2897611,  2897618,  2898049,  2898060,
            ...
            16009447, 16010250, 16011143, 16011741, 16012375, 16012957,
            16013812, 16014534, 16014571, 16015345],
           dtype='int64', length=5038)";2.5975503062117236;1.2;2.1646252551764364
Sa;16.0;-202.1744075829384;-3.3695734597156397;"Int64Index([ 2896295,  2896316,  2897072,  2897625,  2897632,  2897639,
             2897646,  2898091,  2898102,  2898112,
            ...
            16010283, 16011176, 16011209, 16011774, 16012412, 16012992,
            16013029, 16013847, 16014606, 16015382],
           dtype='int64', length=5067)";3.3695734597156397;1.2;2.8079778830963664
Sa;17.0;-169.89268292682928;-2.8315447154471545;"Int64Index([ 2896338,  2896359,  2897100,  2897126,  2897653,  2897660,
             2897667,  2897674,  2898133,  2898144,
            ...
            16009511, 16010316, 16011242, 16011807, 16012447, 16013064,
            16013884, 16014643, 16015417, 16015454],
           dtype='int64', length=5031)";2.8315447154471545;1.2;2.359620596205962
Sa;18.0;-105.07932011331445;-1.7513220018885742;"Int64Index([ 2896361,  2897145,  2897162,  2897681,  2897688,  2897690,
             2898175,  2898186,  2898196,  2898207,
            ...
            16010382, 16011275, 16011840, 16011873, 16012484, 16013101,
            16013919, 16013956, 16014678, 16015489],
           dtype='int64', length=4778)";1.7513220018885742;1.2;1.459435001573812
Sa;19.0;-60.354313619099294;-1.0059052269849882;"Int64Index([ 2897181,  2897198,  2898217,  2898228,  2898238,  2898249,
             2899387,  2899404,  2899421,  2900150,
            ...
            16010415, 16011308, 16011341, 16011906, 16012519, 16012556,
            16013136, 16013991, 16014715, 16015526],
           dtype='int64', length=4495)";1.0059052269849882;1.2;0.8382543558208235
Sa;20.0;-83.49155937052933;-1.3915259895088221;"Int64Index([ 2897217,  2897234,  2897253,  2898259,  2898270,  2898280,
             2898291,  2899438,  2899455,  2899472,
            ...
            16010448, 16011374, 16011939, 16012558, 16013173, 16013208,
            16014028, 16014750, 16014787, 16015561],
           dtype='int64', length=4234)";1.3915259895088221;1.2;1.1596049912573518
Sa;21.0;-53.92407809110629;-0.8987346348517715;"Int64Index([ 2897270,  2897289,  2898293,  2899489,  2899506,  2899523,
             2900228,  2900254,  2900960,  2901692,
            ...
            16010481, 16010514, 16011407, 16011941, 16013245, 16014063,
            16014100, 16014822, 16015598, 16015633],
           dtype='int64', length=3847)";0.8987346348517715;1.2;0.7489455290431429
Sa;22.0;-41.22857142857143;-0.6871428571428572;"Int64Index([ 2897306,  2897325,  2897342,  2897361,  2899540,  2899557,
             2899574,  2900280,  2900986,  2901012,
            ...
            16009736, 16010547, 16011440, 16011442, 16013280, 16013317,
            16014135, 16014859, 16014894, 16015670],
           dtype='int64', length=3558)";0.6871428571428572;1.2;0.5726190476190477
Sa;23.0;-4.884979190314037;-0.08141631983856729;"Int64Index([ 2897378,  2897397,  2899591,  2899608,  2899625,  2900306,
             2900332,  2901038,  2901770,  2901796,
            ...
            16006719, 16007368, 16009767, 16010580, 16013352, 16014172,
            16014207, 16014931, 16015705, 16015742],
           dtype='int64', length=3274)";0.08141631983856729;1.2;0.06784693319880608
So;0.0;19.788334901222953;0.3298055816870492;"Int64Index([ 3444683,  3444695,  3444708,  3446253,  3446271,  3446273,
             3447048,  3447051,  3448539,  3448557,
            ...
            16499606, 16499840, 16499848, 16499850, 16500468, 16500476,
            16500484, 16500712, 16500720, 16500728],
           dtype='int64', length=3664)";-0.3298055816870492;1.2;-0.2748379847392077
So;1.0;-24.0879917184265;-0.4014665286404417;"Int64Index([ 3444719,  3444732,  3444743,  3444756,  3450004,  3450037,
             3450071,  3450410,  3450512,  3450629,
            ...
            16492568, 16492570, 16493296, 16493301, 16493332, 16493615,
            16498550, 16498572, 16500486, 16500730],
           dtype='int64', length=1227)";0.4014665286404417;1.2;0.3345554405337014
So;2.0;-2.5260243632336654;-0.042100406053894424;"Int64Index([ 3444767,  3444780,  3444791,  3444804,  3448642,  3450104,
             3450445,  3450542,  3450577,  3450694,
            ...
            16467961, 16471886, 16472635, 16472677, 16478837, 16483674,
            16483677, 16493363, 16498595, 16498617],
           dtype='int64', length=1128)";0.042100406053894424;1.2;0.03508367171157869
So;3.0;-45.078626799557036;-0.7513104466592839;"Int64Index([ 3444466,  3444476,  3444487,  3444497,  3444680,  3444815,
             3444828,  3444839,  3444852,  3445020,
            ...
            16485920, 16485936, 16486666, 16486682, 16487380, 16487801,
            16487817, 16489313, 16491481, 16491489],
           dtype='int64', length=1191)";0.7513104466592839;1.2;0.6260920388827367
So;4.0;-26.88135593220339;-0.4480225988700565;"Int64Index([ 3444508,  3444518,  3444529,  3444539,  3444682,  3444863,
             3444876,  3444887,  3444900,  3445111,
            ...
            16490650, 16491055, 16491071, 16491497, 16491505, 16491507,
            16491509, 16491785, 16492572, 16492583],
           dtype='int64', length=1609)";0.4480225988700565;1.2;0.3733521657250471
So;5.0;-33.47357440890125;-0.5578929068150208;"Int64Index([ 3444550,  3444560,  3444571,  3444581,  3444911,  3444924,
             3444935,  3444948,  3448008,  3448277,
            ...
            16491517, 16491525, 16491533, 16491792, 16491800, 16492595,
            16492606, 16492618, 16492629, 16493617],
           dtype='int64', length=1868)";0.5578929068150208;1.2;0.464910755679184
So;6.0;7.376233864844343;0.12293723108073905;"Int64Index([ 3444592,  3444602,  3444613,  3444623,  3444959,  3444972,
             3444983,  3444996,  3444998,  3445115,
            ...
            16493633, 16493641, 16494080, 16494088, 16494704, 16494741,
            16495537, 16496154, 16496189, 16497696],
           dtype='int64', length=3392)";-0.12293723108073905;1.2;-0.10244769256728255
So;7.0;1.8450656786796902;0.030751094644661504;"Int64Index([ 3444625,  3444626,  3444627,  3444631,  3445151,  3445170,
             3446292,  3446311,  3446328,  3446347,
            ...
            16494104, 16494112, 16494776, 16495574, 16495609, 16496226,
            16497731, 16497768, 16498619, 16498642],
           dtype='int64', length=3551)";-0.030751094644661504;1.2;-0.025625912203884587
So;8.0;-18.330117899249732;-0.30550196498749554;"Int64Index([ 3445187,  3445206,  3445223,  3445242,  3446364,  3446383,
             3447309,  3447320,  3448722,  3449376,
            ...
            16494324, 16494813, 16494848, 16495646, 16496261, 16496298,
            16497803, 16498664, 16498687, 16500048],
           dtype='int64', length=3253)";0.30550196498749554;1.2;0.254584970822913
So;9.0;-26.005788712011576;-0.4334298118668596;"Int64Index([ 3445259,  3445278,  3445295,  3445660,  3446400,  3446419,
             3446436,  3447052,  3447060,  3447067,
            ...
            16496985, 16497020, 16497840, 16498709, 16499852, 16499860,
            16499868, 16500056, 16500064, 16500072],
           dtype='int64', length=4067)";0.4334298118668596;1.2;0.3611915098890497
So;10.0;1.0957642725598526;0.018262737875997543;"Int64Index([ 3445314,  3445331,  3445677,  3445696,  3446455,  3446472,
             3447074,  3447081,  3447088,  3447095,
            ...
            16496370, 16497057, 16497875, 16497912, 16498732, 16498754,
            16499876, 16499884, 16500080, 16500088],
           dtype='int64', length=4395)";-0.018262737875997543;1.2;-0.015218948229997952
So;11.0;-36.79456112008616;-0.6132426853347693;"Int64Index([ 3445350,  3445367,  3445713,  3445732,  3446491,  3446508,
             3447102,  3447109,  3447116,  3447123,
            ...
            16497129, 16497947, 16498777, 16498799, 16499892, 16499900,
            16499908, 16500096, 16500104, 16500112],
           dtype='int64', length=4248)";0.6132426853347693;1.2;0.5110355711123078
So;12.0;-61.893127705627705;-1.0315521284271285;"Int64Index([ 3445386,  3445403,  3445749,  3445768,  3446527,  3446544,
             3447130,  3447137,  3447144,  3447151,
            ...
            16499616, 16499624, 16499916, 16499924, 16500120, 16500128,
            16500244, 16500252, 16500488, 16500496],
           dtype='int64', length=4226)";1.0315521284271285;1.2;0.8596267736892738
So;13.0;-83.84825534216932;-1.3974709223694888;"Int64Index([ 3445422,  3445439,  3445785,  3445804,  3446563,  3446580,
             3447158,  3447165,  3447172,  3447179,
            ...
            16499932, 16499940, 16499948, 16500136, 16500144, 16500152,
            16500260, 16500268, 16500504, 16500512],
           dtype='int64', length=4215)";1.3974709223694888;1.2;1.164559101974574
So;14.0;-94.19225598279107;-1.5698709330465177;"Int64Index([ 3445458,  3445475,  3445821,  3445840,  3446599,  3446616,
             3447186,  3447193,  3447200,  3447207,
            ...
            16499648, 16499656, 16499956, 16499964, 16500160, 16500168,
            16500276, 16500284, 16500520, 16500528],
           dtype='int64', length=4229)";1.5698709330465177;1.2;1.308225777538765
So;15.0;-88.20980707395498;-1.470163451232583;"Int64Index([ 3445494,  3445511,  3445857,  3445876,  3446635,  3446652,
             3447214,  3447221,  3447228,  3447235,
            ...
            16499980, 16499988, 16500176, 16500184, 16500292, 16500300,
            16500308, 16500536, 16500544, 16500552],
           dtype='int64', length=4208)";1.470163451232583;1.2;1.2251362093604858
So;16.0;-97.7443669527897;-1.629072782546495;"Int64Index([ 3445530,  3445547,  3445893,  3445912,  3446671,  3446688,
             3447242,  3447249,  3447256,  3447263,
            ...
            16499696, 16499996, 16500004, 16500192, 16500200, 16500208,
            16500316, 16500324, 16500560, 16500568],
           dtype='int64', length=4208)";1.629072782546495;1.2;1.3575606521220793
So;17.0;-66.08973322554567;-1.1014955537590945;"Int64Index([ 3445566,  3445583,  3445929,  3445948,  3446707,  3446724,
             3447270,  3447277,  3447284,  3447291,
            ...
            16500012, 16500020, 16500216, 16500224, 16500332, 16500340,
            16500348, 16500576, 16500584, 16500592],
           dtype='int64', length=4210)";1.1014955537590945;1.2;0.9179129614659121
So;18.0;-20.009518629317377;-0.3334919771552896;"Int64Index([ 3445602,  3445619,  3445965,  3445984,  3446743,  3446760,
             3447298,  3447305,  3447307,  3447708,
            ...
            16500028, 16500036, 16500044, 16500232, 16500240, 16500242,
            16500356, 16500364, 16500600, 16500608],
           dtype='int64', length=4238)";0.3334919771552896;1.2;0.27790998096274133
So;19.0;-7.487460363217066;-0.12479100605361776;"Int64Index([ 3445638,  3445655,  3446001,  3446020,  3446779,  3446796,
             3446815,  3447750,  3447761,  3447771,
            ...
            16499516, 16499744, 16499752, 16500046, 16500372, 16500380,
            16500388, 16500616, 16500624, 16500632],
           dtype='int64', length=4067)";0.12479100605361776;1.2;0.10399250504468147
So;20.0;-30.701692936368943;-0.5116948822728157;"Int64Index([ 3445658,  3446037,  3446056,  3446073,  3446092,  3446832,
             3446851,  3447792,  3447803,  3447813,
            ...
            16499204, 16499524, 16499532, 16499760, 16499768, 16499776,
            16500396, 16500404, 16500640, 16500648],
           dtype='int64', length=4059)";0.5116948822728157;1.2;0.4264124018940131
So;21.0;-6.571691176470588;-0.1095281862745098;"Int64Index([ 3444632,  3444633,  3444637,  3446109,  3446128,  3446868,
             3446887,  3446904,  3446923,  3447826,
            ...
            16499249, 16499540, 16499548, 16499784, 16499792, 16500412,
            16500420, 16500428, 16500656, 16500664],
           dtype='int64', length=3840)";0.1095281862745098;1.2;0.09127348856209151
So;22.0;6.053736089030207;0.10089560148383678;"Int64Index([ 3446145,  3446164,  3446181,  3446200,  3446940,  3446959,
             3449268,  3449922,  3449948,  3452774,
            ...
            16499564, 16499572, 16499800, 16499808, 16499816, 16500436,
            16500444, 16500672, 16500680, 16500688],
           dtype='int64', length=3672)";-0.10089560148383678;1.2;-0.08407966790319732
So;23.0;35.255873715124814;0.5875978952520803;"Int64Index([ 3446217,  3446236,  3446976,  3446995,  3447012,  3447031,
             3449294,  3449320,  3449974,  3452822,
            ...
            16499317, 16499339, 16499580, 16499588, 16499824, 16499832,
            16500452, 16500460, 16500696, 16500704],
           dtype='int64', length=3373)";-0.5875978952520803;1.2;-0.4896649127100669
